Title,Description,Category,Style
Mona Lisa,"A portrait painting by Leonardo da Vinci, showcasing Renaissance art techniques and praised for its intricate attention to detail, the play of light and shadow, and the enigmatic expression of the subject, which has been the subject of much scholarly debate. The Mona Lisa is celebrated for its realistic depiction of the human form and its mastery of sfumato, a technique that allows tones and colors to blend seamlessly into one another.",Art,Renaissance
War and Peace,"A novel by Leo Tolstoy, War and Peace is a complex narrative that intertwines the lives of several families during the Napoleonic wars. Its detailed exploration of love, war, and society has made it one of the greatest novels of all time. The characters are depicted with psychological depth, and the novel's exploration of philosophical themes such as free will, fate, and the individual's role in history has contributed to its lasting relevance.",Literature,Realism
Symphony No. 5,"A symphony composed by Ludwig van Beethoven, Symphony No. 5 is widely recognized for its distinctive four-note motif that recurs throughout the piece, representing fate knocking at the door. The work is celebrated for its dramatic structure, thematic development, and emotional intensity, showcasing Beethoven's ability to convey a wide range of human emotions through music.",Music,Classical
Starry Night,"A painting by Vincent van Gogh, Starry Night is a depiction of a swirling night sky over a quiet village. Van Gogh's use of vibrant colors and bold, expressive brushstrokes create a sense of movement and energy, which contrasts with the stillness of the village below. The painting reflects Van Gogh's emotional state during a period of self-imposed isolation, and it has become one of the most famous works of the Post-Impressionist movement.",Art,Post-Impressionism
The Great Gatsby,"A novel by F. Scott Fitzgerald, The Great Gatsby is a critique of the American Dream, set in the 1920s during the Jazz Age. The novel explores themes of wealth, love, and social class through the eyes of its narrator, Nick Carraway, and his observations of the enigmatic Jay Gatsby. Fitzgerald's use of symbolism, particularly the green light at the end of Daisy's dock, adds layers of meaning to the narrative, making it a rich text for analysis.",Literature,Modernism
Blue in Green,"A jazz composition by Miles Davis, Blue in Green is a key track on the album Kind of Blue, which is regarded as one of the greatest jazz albums of all time. The piece is characterized by its slow, melancholic melody, which allows for deep emotional expression through improvisation. Davis's muted trumpet playing, combined with the subtle accompaniment of the rhythm section, creates a mood of introspection and longing.",Music,Jazz
The Persistence of Memory,"A surrealist painting by Salvador Dalí, The Persistence of Memory features melting clocks draped over a barren landscape, creating a dreamlike atmosphere that challenges the viewer's perception of time and reality. The painting is often interpreted as a commentary on the fluidity of time, the decay of memory, and the subconscious mind. Dalí's precise, almost photographic style contrasts with the fantastical subject matter, making this work a hallmark of the Surrealist movement.",Art,Surrealism
1984,"A dystopian novel by George Orwell, 1984 presents a chilling vision of a totalitarian society controlled by surveillance, propaganda, and thought control. The protagonist, Winston Smith, struggles to maintain his individuality and sense of reality in a world where the Party dictates every aspect of life. The novel's exploration of themes such as power, control, and the manipulation of truth has made it a powerful and enduring critique of authoritarian regimes.",Literature,Dystopian
The Four Seasons,"A violin concerto by Antonio Vivaldi, The Four Seasons is a set of four concertos that musically depict the changing seasons. Each concerto is accompanied by a sonnet that describes the events portrayed in the music, such as the joy of spring, the heat of summer, the harvest of autumn, and the chill of winter. Vivaldi's innovative use of contrast and imagery has made this work a staple of the Baroque repertoire.",Music,Baroque
The Scream,"An expressionist painting by Edvard Munch, The Scream depicts a figure in a state of existential despair, set against a swirling, chaotic background. Munch's use of bold colors and distorted forms conveys a sense of inner turmoil and anxiety, reflecting the artist's own struggles with mental health. The Scream has become an iconic image of human suffering and is considered a masterpiece of the Symbolist and Expressionist movements.",Art,Expressionism
Crime and Punishment,"A psychological novel by Fyodor Dostoevsky, Crime and Punishment explores the mind of a young student named Raskolnikov as he grapples with the moral consequences of his actions. The novel delves into themes of guilt, redemption, and justice, and is regarded as one of the most profound examinations of the human condition in literature.",Literature,Psychological
Kind of Blue,"A jazz album by Miles Davis, Kind of Blue is regarded as a cornerstone of modal jazz. Each track is carefully constructed to allow for maximum improvisation, with musicians such as John Coltrane and Cannonball Adderley contributing to its iconic status. The album is a study in subtlety, emotion, and musical interplay, making it a timeless masterpiece.",Music,Modal Jazz
The Night Watch,"A painting by Rembrandt, The Night Watch is a group portrait of a militia company. The painting is renowned for its use of light and shadow to convey the drama and movement of the figures, as well as for its innovative composition. The Night Watch is considered one of the most important works of the Dutch Golden Age.",Art,Dutch Golden Age
Les Misérables,"A novel by Victor Hugo, Les Misérables is a sweeping epic that spans several decades and follows the lives of multiple characters, including the ex-convict Jean Valjean. The novel explores themes of justice, mercy, love, and revolution, and is regarded as one of the greatest works of 19th-century literature.",Literature,Romanticism
Eine kleine Nachtmusik,"Eine kleine Nachtmusik, composed by Wolfgang Amadeus Mozart, is one of the most famous serenades in classical music. Known for its cheerful and lively melodies, this piece showcases Mozart's mastery of form and style, making it a popular choice for public performances and celebrations.",Music,Classical
Guernica,"A painting by Pablo Picasso, Guernica depicts the horrors of the Spanish Civil War, particularly the bombing of the town of Guernica. The painting is known for its stark use of black, white, and gray, as well as its fragmented, angular forms, which convey a sense of chaos and destruction. Guernica is regarded as one of Picasso's most important political works.",Art,Cubism
Moby Dick,"A novel by Herman Melville, Moby Dick is the story of Captain Ahab's obsessive pursuit of a giant white whale. The novel is filled with rich symbolism, exploring themes of fate, vengeance, and the human condition. Moby Dick is considered one of the greatest American novels and a masterpiece of world literature.",Literature,Symbolism
La Traviata,"La Traviata is an opera by Giuseppe Verdi that tells the tragic love story of Violetta and Alfredo. The opera is known for its beautiful arias and duets, as well as its exploration of themes such as love, sacrifice, and redemption. La Traviata remains one of the most popular and frequently performed operas in the world.",Music,Romanticism
The Thinker,"A sculpture by Auguste Rodin, The Thinker is one of the most recognizable works in the history of art. The sculpture depicts a seated man in deep contemplation, his chin resting on his hand. The Thinker is often interpreted as a symbol of intellectual struggle and the human capacity for thought.",Art,Opera
The Catcher in the Rye,"A classic novel by J.D. Salinger, The Catcher in the Rye delves into themes of teenage alienation, rebellion, and identity crisis. The protagonist, Holden Caulfield, becomes an icon of youthful angst, expressing his dissatisfaction with the world around him as he navigates life in New York City.",Literature,Realism
